"","ID","Ecosystem","C_rho","C_p","C_Gr"
"1","Mg_001","Mangrove",0.111236589497459,0.620997296215351,"NT"
"2","Mg_002","Mangrove",0.0958843159065629,0.612963484728258,"NT"
"3","Mg_003","Mangrove",0.141495601173021,0.438250350548415,"INC"
"4","Mg_004","Mangrove",0.668498168498168,0.000198778830146007,"INC"
"5","Mg_005","Mangrove",0.388311688311688,0.082891495609643,"INC"
"6","Mg_009","Mangrove",0.0638558241797627,0.737448879783026,"NT"
"7","Mg_010","Mangrove",-0.404876174538193,0.150993154941559,"DEC"
"8","Mg_011","Mangrove",-0.863503174724055,9.41762398632177e-07,"DEC"
"9","Mg_012","Mangrove",-0.576839069163108,0.00972042382779745,"DEC"
"10","Mg_013","Mangrove",0.7421565233454,0.00367311364266167,"INC"
"11","Mg_014","Mangrove",0.597406971313679,0.00205273535334424,"INC"
"12","Mg_015","Mangrove",-0.651127819548872,0.0023993310939522,"DEC"
"13","Mg_016","Mangrove",-0.780451127819549,7.15599740555883e-05,"DEC"
"14","Mg_017","Mangrove",0.559368080419196,0.00106988375781553,"INC"
"15","Mg_018","Mangrove",0.907347060679975,1.95863514927959e-12,"INC"
"16","Mg_019","Mangrove",-0.139466207353794,0.479063035595023,"DEC"
"17","Mg_020","Mangrove",0.906817303073862,3.64689915124053e-13,"INC"
"18","Mg_021","Mangrove",0.834040657528169,8.87756222369891e-15,"INC"
"19","Mg_023","Mangrove",-0.809625668449198,3.65389459498421e-07,"DEC"
"20","Mg_024","Mangrove",-0.792818945760122,4.97665052614216e-07,"DEC"
"21","Mg_025","Mangrove",-0.60672268907563,0.00015215409141496,"DEC"
"22","Mg_026","Mangrove",-0.428571428571429,0.419444444444444,"DEC"
"23","Mg_027","Mangrove",-0.828571428571429,0.0583333333333333,"DEC"
"24","Mg_028","Mangrove",-0.485714285714286,0.355555555555556,"DEC"
"25","Mg_029","Mangrove",-0.885714285714286,0.0333333333333333,"DEC"
"26","Mg_030","Mangrove",-0.892713903743315,2.94950677247094e-08,"DEC"
"27","Mg_031","Mangrove",-0.771428571428571,0.102777777777778,"DEC"
"28","Mg_032","Mangrove",-0.771428571428571,0.102777777777778,"DEC"
"29","Mg_033","Mangrove",-0.314285714285714,0.563888888888889,"NT"
"30","Mg_034","Mangrove",-0.185026737967914,0.293566195138429,"DEC"
"31","Mg_035","Mangrove",-0.178141711229947,0.319899497808549,"DEC"
"32","Mg_036","Mangrove",0.697237332611186,3.67406378771735e-08,"INC"
"33","Mg_037","Mangrove",-0.0102249702556048,0.944409485203207,"NT"
"34","Mg_038","Mangrove",-0.373876083244659,0.00748194441712638,"DEC"
"35","Mg_039","Mangrove",1,0.00277777777777778,"INC"
"36","Mg_040","Mangrove",-0.7,0.233333333333333,"DEC"
"37","Mg_041","Mangrove",0.428571428571429,0.419444444444444,"INC"
"38","Mg_042","Mangrove",-0.214285714285714,0.661507936507936,"NT"
"39","Mg_043","Mangrove",1,0.00277777777777778,"INC"
"40","Mg_044","Mangrove",0.0857142857142857,0.919444444444444,"NT"
"41","Mg_045","Mangrove",0.178571428571429,0.713095238095238,"NT"
"42","Mg_046","Mangrove",-0.942857142857143,0.0166666666666667,"DEC"
"43","Mg_047","Mangrove",-0.928571428571428,0.00674603174603175,"DEC"
"44","Mg_048","Mangrove",-0.9,0.0833333333333333,"DEC"
"45","Mg_049","Mangrove",-0.596358543417367,0.000208134245376753,"DEC"
"46","Mg_050","Mangrove",-0.707170224411604,4.16118622115807e-05,"DEC"
"47","Mg_051","Mangrove",-0.450140056022409,0.00715280872190894,"DEC"
"48","Mg_052","Mangrove",0.160110150100396,0.202649215055414,"INC"
"49","Mg_053","Mangrove",0.0501357247339538,0.781721059782174,"NT"
"50","Mg_054","Mangrove",-0.697900335507476,4.47288133156207e-06,"DEC"
"51","Mg_055","Mangrove",-0.761492046456376,3.96505937144813e-06,"DEC"
"52","Mg_056","Mangrove",-0.549262435753989,6.38152369629988e-05,"DEC"
"53","Mg_057","Mangrove",-0.622625687609693,2.96762037806559e-06,"DEC"
"54","Mg_058","Mangrove",0.127127244695018,0.389211669036813,"INC"
"55","Mg_059","Mangrove",0.178571428571429,0.713095238095238,"NT"
"56","Mg_060","Mangrove",0.6,0.241666666666667,"INC"
"57","Mg_061","Mangrove",-0.583589321932862,0.0765377174282334,"DEC"
"58","Mg_062","Mangrove",-0.535569541603663,0.13726197944145,"DEC"
"59","Mg_063","Mangrove",0.272727272727273,0.448272158936988,"INC"
"60","Mg_064","Mangrove",0.43030303030303,0.218028474590315,"INC"
"61","Mg_065","Mangrove",-0.833333333333333,0.00826719576719577,"DEC"
"62","Mg_066","Mangrove",-0.714285714285714,0.0880952380952381,"DEC"
"63","Mg_067","Mangrove",-0.503030303030303,0.14336680194002,"DEC"
"64","Mg_068","Mangrove",-0.939393939393939,0,"DEC"
"65","Mg_069","Mangrove",-0.833333333333333,0.0153769841269841,"DEC"
"66","Mg_070","Mangrove",-0.761904761904762,0.0367559523809524,"DEC"
"67","Mg_071","Mangrove",-1,4.96031746031746e-05,"DEC"
"68","Mg_072","Mangrove",-0.2,0.58354058456642,"NT"
"69","Mg_073","Mangrove",-0.183333333333333,0.643639770723104,"NT"
"70","Mg_074","Mangrove",0.236363636363636,0.513898326223936,"NT"
"71","Sg_001","Seagrass",0.00103199174406605,1,"NT"
"72","Sg_002","Seagrass",-0.892691951896392,0,"DEC"
"73","Sg_003","Seagrass",-0.908295258975887,2.01322010183069e-14,"DEC"
"74","Sg_004","Seagrass",-0.924466338259442,4.17207974461558e-07,"DEC"
"75","Sg_005","Seagrass",-0.837511325883419,0,"DEC"
"76","Sg_011","Seagrass",-0.522303783173348,0.0137893279768399,"DEC"
"77","Sg_013","Seagrass",0.441758241758242,0.115791427809696,"INC"
"78","Sg_016","Seagrass",-0.455674760022586,0.034396192356772,"DEC"
"79","Sg_018","Seagrass",0.128571428571429,0.577279468868592,"NT"
"80","Sg_019","Seagrass",-0.570863918690006,0.00635222753894446,"DEC"
"81","Sg_020","Seagrass",-0.0208921513269339,0.927794840707501,"NT"
"82","Sg_021","Seagrass",-0.675954592363261,0.00272292359735791,"DEC"
"83","Sg_022","Seagrass",-0.265934065934066,0.357312105525854,"DEC"
"84","Sg_023","Seagrass",-0.502941176470588,0.0493466663823501,"DEC"
"85","Sg_024","Seagrass",-0.235164835164835,0.417483555488169,"DEC"
"86","Sg_025","Seagrass",-0.643956043956044,0.0153782479962519,"DEC"
"87","Sg_026","Seagrass",-0.527272727272727,0.100128813234869,"DEC"
"88","Sg_027","Seagrass",-0.672727272727273,0.0280703042358757,"DEC"
"89","Sg_028","Seagrass",-0.305494505494505,0.287738239069734,"DEC"
"90","Sg_029","Seagrass",-0.776223776223776,0.0046598806161296,"DEC"
"91","Sg_030","Seagrass",-0.498901098901099,0.0721393720843513,"DEC"
"92","Sg_031","Seagrass",-0.314685314685315,0.319471912561452,"DEC"
"93","Sg_032","Seagrass",-0.321052631578947,0.179956172835233,"DEC"
"94","Sg_033","Seagrass",-0.141382868937048,0.574681698421439,"NT"
"95","Sg_034","Seagrass",-0.602941176470588,0.0120046871861467,"DEC"
"96","Sg_035","Seagrass",0.336263736263736,0.239828311396307,"INC"
"97","Sg_036","Seagrass",-0.560714285714286,0.0322794400736741,"DEC"
"98","Sg_037","Seagrass",0.311274509803922,0.223431412564251,"INC"
"99","Sg_038","Seagrass",-0.401098901098901,0.175773537360781,"DEC"
"100","Sg_039","Seagrass",-0.598039215686275,0.0128637407955604,"DEC"
"101","Sg_040","Seagrass",0.504643962848297,0.0345628106754307,"INC"
"102","Sg_041","Seagrass",-0.848780487804878,0,"DEC"
"103","Sg_042","Seagrass",-0.533004926108374,0.00332868450116459,"DEC"
"104","Sg_043","Seagrass",-0.173348390739695,0.438669033541653,"DEC"
"105","Sg_044","Seagrass",0.0988034188034188,0.62987992942324,"NT"
"106","Sg_045","Seagrass",-0.24034188034188,0.235903168089005,"DEC"
"107","Sg_046","Seagrass",0.25,0.59484126984127,"NT"
"108","Sg_047","Seagrass",-0.4,0.75,"NT"
"109","Sg_048","Seagrass",-0.681318681318681,0.012929313408159,"DEC"
"110","Sg_049","Seagrass",-0.505494505494506,0.081215120725634,"DEC"
"111","Sg_050","Seagrass",0.181318681318681,0.553621558251875,"NT"
"112","Sg_051","Seagrass",-0.159340659340659,0.603931204034312,"NT"
"113","Sg_052","Seagrass",0.153846153846154,0.635139955377586,"NT"
"114","Sg_053","Seagrass",-0.839160839160839,0.0011918743865398,"DEC"
"115","Sg_054","Seagrass",-0.692307692307692,0.0158776933220116,"DEC"
"116","Sg_055","Seagrass",-0.426573426573427,0.168899525405203,"DEC"
"117","Sg_056","Seagrass",-0.987878787878788,0,"DEC"
"118","Sg_057","Seagrass",-0.9,0.00202821869488536,"DEC"
"119","Sg_058","Seagrass",-0.987878787878788,0,"DEC"
"120","Sg_059","Seagrass",-0.721212121212121,0.0241945875284697,"DEC"
"121","Sg_060","Seagrass",-0.866666666666667,0.00450837742504409,"DEC"
"122","Sg_061","Seagrass",-0.857142857142857,0.0107142857142857,"DEC"
"123","Sg_062","Seagrass",0.754545454545455,0.0104817749990729,"INC"
"124","Sg_063","Seagrass",-0.654545454545455,0.0338251607875948,"DEC"
"125","Sg_064","Seagrass",0.672727272727273,0.0280703042358757,"INC"
"126","Sg_065","Seagrass",-0.190909090909091,0.576257826919622,"NT"
"127","Sg_066","Seagrass",-0.132867132867133,0.683365534284606,"NT"
"128","Sg_067","Seagrass",0.755244755244755,0.00659654322080615,"INC"
"129","Sg_068","Seagrass",-0.845454545454546,0.00207768789039525,"DEC"
"130","Sg_069","Seagrass",-0.648484848484848,0.0490426316833764,"DEC"
"131","Sg_070","Seagrass",-0.627272727272727,0.0439890872097469,"DEC"
"132","Sg_071","Seagrass",-0.172727272727273,0.614426013724972,"NT"
"133","Sg_072","Seagrass",-0.681818181818182,0.0254755837807706,"DEC"
"134","Sg_073","Seagrass",-0.281818181818182,0.402135894917861,"DEC"
"135","Sg_074","Seagrass",-0.79020979020979,0.00361681438239293,"DEC"
"136","Sg_075","Seagrass",-0.137362637362637,0.656000350185762,"NT"
"137","Sg_076","Seagrass",-0.72027972027972,0.0110205186889633,"DEC"
"138","Sg_077","Seagrass",-0.807692307692308,0.00142310156823827,"DEC"
"139","Sg_078","Seagrass",-0.188811188811189,0.557827775088338,"NT"
"140","Sg_079","Seagrass",0.10989010989011,0.723248148906413,"NT"
"141","Sg_080","Seagrass",-0.296969696969697,0.406950227375658,"DEC"
"142","Sg_081","Seagrass",-0.684848484848485,0.0350915379341638,"DEC"
"143","Sg_082","Seagrass",-0.976190476190476,0.000396825396825397,"DEC"
"144","Sg_083","Seagrass",-0.416971916971917,0.0314484686705288,"DEC"
"145","Sg_084","Seagrass",-0.420020639834881,0.084041952640125,"DEC"
"146","Sg_086","Seagrass",-0.569330720246042,0.00568255755438502,"DEC"
"147","Sg_087","Seagrass",-0.54656862745098,0.0251943772063171,"DEC"
"148","Sg_088","Seagrass",-0.692982456140351,0.00138007987388649,"DEC"
"149","Sg_092","Seagrass",0,1,"NT"
"150","Sg_097","Seagrass",-0.781862745098039,0.000321387324684591,"DEC"
"151","Sg_102","Seagrass",-0.533333333333333,0.147525352733686,"DEC"
"152","Sg_103","Seagrass",-0.25,0.520634920634921,"NT"
"153","Sg_104","Seagrass",-0.0918043549622497,0.582318868685502,"NT"
"154","Sg_106","Seagrass",-0.648976912134807,1.69349061989528e-05,"DEC"
"155","Sg_107","Seagrass",-0.345454545454545,0.0205989172582847,"DEC"
"156","Sg_108","Seagrass",-0.464387002674013,0.00216509479276706,"DEC"
"157","Sg_109","Seagrass",-0.358823529411765,0.172669619646923,"DEC"
"158","Sg_110","Seagrass",-0.392207792207792,0.0796529614964404,"DEC"
"159","Sg_111","Seagrass",-0.0676691729323308,0.777083013809517,"NT"
"160","Sg_112","Seagrass",-0.0959752321981424,0.704776371458584,"NT"
"161","Sg_113","Seagrass",-0.691176470588235,0.00399876975679217,"DEC"
"162","Sg_114","Seagrass",-0.317647058823529,0.230177315700709,"DEC"
"163","Sg_115","Seagrass",-0.592320722755505,0.00435458934095082,"DEC"
"164","Sg_116","Seagrass",-0.000869565217391304,0.998377695333399,"NT"
"165","Sg_117","Seagrass",0.0831168831168831,0.71982799939052,"NT"
"166","Sg_118","Seagrass",-0.267080745341615,0.228602155906375,"DEC"
"167","Sg_119","Seagrass",-0.786455854858439,8.60040198490771e-06,"DEC"
"168","Sg_120","Seagrass",-0.862367211896222,1.21880845821008e-07,"DEC"
"169","Sg_121","Seagrass",-0.907792207792208,3.68463391284893e-06,"DEC"
"170","Sg_122","Seagrass",-0.85,2.14482626710534e-06,"DEC"
"171","Sg_123","Seagrass",-0.738916256157635,1.28691647971309e-05,"DEC"
"172","Sg_124","Seagrass",-0.851538461538462,2.15450677770337e-06,"DEC"
"173","Sg_125","Seagrass",0.298260869565217,0.156637202518944,"INC"
"174","Sg_127","Seagrass",0.5,1,"NT"
"175","Sg_129","Seagrass",0.6,0.241666666666667,"INC"
"176","Sg_130","Seagrass",0.714285714285714,0.136111111111111,"INC"
"177","Sg_131","Seagrass",0.6,0.35,"INC"
"178","Sg_132","Seagrass",0,1,"NT"
"179","Sg_133","Seagrass",0.3,0.683333333333333,"NT"
"180","Sg_134","Seagrass",-0.1,0.95,"NT"
"181","Sg_135","Seagrass",0.9,0.0833333333333333,"INC"
"182","Sg_136","Seagrass",0.3,0.683333333333333,"NT"
"183","Sg_137","Seagrass",0.3,0.683333333333333,"NT"
"184","Sg_138","Seagrass",0.1,0.95,"NT"
"185","Sg_139","Seagrass",-0.1,0.95,"NT"
"186","Sg_140","Seagrass",-0.1,0.95,"NT"
"187","Sg_141","Seagrass",0.485714285714286,0.355555555555556,"INC"
"188","Sg_142","Seagrass",0.9,0.0833333333333333,"INC"
"189","Sg_143","Seagrass",0.7,0.233333333333333,"INC"
"190","Sg_144","Seagrass",0.6,0.35,"INC"
"191","Sg_145","Seagrass",-0.1,0.95,"NT"
"192","Sg_146","Seagrass",-0.3,0.683333333333333,"NT"
"193","Sg_147","Seagrass",0.3,0.683333333333333,"NT"
"194","Sg_148","Seagrass",0.2,0.783333333333333,"NT"
"195","Sg_149","Seagrass",0.4,0.516666666666667,"NT"
"196","Sg_150","Seagrass",-1,0.333333333333333,"DEC"
"197","Sg_151","Seagrass",1,1,"NT"
"198","Sg_152","Seagrass",-0.7,0.233333333333333,"DEC"
"199","Sg_153","Seagrass",0.5,0.45,"INC"
"200","Sg_154","Seagrass",0.6,0.35,"INC"
"201","Sg_155","Seagrass",0.1,0.95,"NT"
"202","Sg_156","Seagrass",0.1,0.95,"NT"
"203","Sg_157","Seagrass",0.5,0.45,"INC"
"204","Sg_158","Seagrass",-0.6,0.35,"DEC"
"205","Sg_159","Seagrass",-1,0.0166666666666667,"DEC"
"206","Sg_160","Seagrass",-0.7,0.233333333333333,"DEC"
"207","Sg_161","Seagrass",0.7,0.233333333333333,"INC"
"208","Sg_162","Seagrass",-0.6,0.35,"DEC"
"209","Sg_163","Seagrass",0.1,0.95,"NT"
"210","Sg_164","Seagrass",-0.9,0.0833333333333333,"DEC"
"211","Sg_165","Seagrass",-0.5,0.45,"DEC"
"212","Sg_166","Seagrass",-0.9,0.0833333333333333,"DEC"
"213","Sg_167","Seagrass",-0.9,0.0833333333333333,"DEC"
"214","Sg_168","Seagrass",-1,0.0166666666666667,"DEC"
"215","Sg_169","Seagrass",-1,0.0166666666666667,"DEC"
"216","Sg_170","Seagrass",-0.49331550802139,0.00392711615299949,"DEC"
"217","Sg_172","Seagrass",0.75494071146245,7.52505266229162e-05,"INC"
"218","Sg_173","Seagrass",0.366416510318949,0.0206091451993775,"INC"
"219","Sg_174","Seagrass",-0.253658536585366,0.114193077338032,"DEC"
"220","Sg_175","Seagrass",0.721343873517787,0.000155593987287277,"INC"
"221","Sg_177","Seagrass",-0.203418803418803,0.31740959073215,"DEC"
"222","Sg_178","Seagrass",-0.58498023715415,0.00397617207120051,"DEC"
"223","Sg_179","Seagrass",-0.705596669750231,1.33307721798714e-07,"DEC"
"224","Sg_180","Seagrass",-0.845614035087719,0,"DEC"
"225","Sg_181","Seagrass",-0.743205574912892,2.07120416721707e-07,"DEC"
"226","Sg_185","Seagrass",-0.524562394127612,0.0133305321136487,"DEC"
"227","Sg_186","Seagrass",0.4,0.012156658290191,"INC"
"228","Sg_187","Seagrass",-0.408695652173913,0.0484502982946423,"DEC"
"229","Sg_188","Seagrass",0.100072927639575,0.527050553027915,"NT"
"230","Sg_189","Seagrass",-0.225296442687747,0.299884025867202,"DEC"
"231","Sg_190","Seagrass",-0.194615384615385,0.349597616404981,"DEC"
"232","Sg_191","Seagrass",-0.190656284760845,0.311476397306338,"DEC"
"233","Sg_192","Seagrass",0.624446142093201,0.000111539720009418,"INC"
"234","Sg_193","Seagrass",-0.647290640394089,0.000207197030819937,"DEC"
"235","Sg_194","Seagrass",0.0689655172413793,0.726583665457279,"NT"
"236","Sg_195","Seagrass",0.061950146627566,0.735516002644775,"NT"
"237","Sg_198","Seagrass",-0.521200750469043,0.000671771938574358,"DEC"
"238","Sg_199","Seagrass",-0.359230769230769,0.0784727838058179,"DEC"
"239","Sg_200","Seagrass",0.34,0.104444039982917,"INC"
"240","Sg_201","Seagrass",-0.854750572889124,0,"DEC"
"241","Sg_202","Seagrass",-0.288098625105454,0.231654989857384,"DEC"
"242","Sg_203","Seagrass",-0.296969696969697,0.406950227375658,"DEC"
"243","Sg_204","Seagrass",0.212400605735115,0.413102561463095,"INC"
"244","Sg_205","Seagrass",-0.303034358725141,0.253913534408784,"DEC"
"245","Sg_206","Seagrass",0.282460869498487,0.400025625940467,"INC"
"246","Sg_207","Seagrass",0.159453716652372,0.63956242608364,"NT"
"247","Sg_208","Seagrass",0.795156113928755,0.000675081323450304,"INC"
"248","Sg_209","Seagrass",-0.151815273384792,0.604388410669947,"NT"
"249","Sg_210","Seagrass",0.250570126168013,0.457385226153353,"INC"
"250","Sg_211","Seagrass",-0.239714158163776,0.389505609128366,"DEC"
"251","Sg_212","Seagrass",0.33272002401281,0.191925767532924,"INC"
"252","Sg_213","Seagrass",0.295914078412158,0.233159217811779,"INC"
"253","Sg_214","Seagrass",-0.036923419504085,0.888114752630692,"NT"
"254","Sg_221","Seagrass",-1,0.0833333333333333,"DEC"
"255","Sg_222","Seagrass",1,0.333333333333333,"INC"
"256","Sg_223","Seagrass",-1,0.333333333333333,"DEC"
"257","Sg_224","Seagrass",-0.866921446863011,0.0115355494613989,"DEC"
"258","Sg_225","Seagrass",1,0.333333333333333,"INC"
"259","Sg_227","Seagrass",0.230630630630631,0.175423029649696,"INC"
"260","Sg_229","Seagrass",0.441699604743083,0.0360785449976248,"INC"
"261","Sg_230","Seagrass",-0.00659340659340659,0.987912886056802,"NT"
"262","Sg_231","Seagrass",-0.923076923076923,0,"DEC"
"263","Sg_232","Seagrass",-0.428571428571429,0.145930216094455,"DEC"
"264","Sg_233","Seagrass",-0.888111888111888,9.16586173281696e-05,"DEC"
"265","Sg_234","Seagrass",-0.692307692307692,0.0158776933220116,"DEC"
"266","Sg_235","Seagrass",-0.545454545454546,0.0706789050614176,"DEC"
"267","Sg_236","Seagrass",-0.923076923076923,0,"DEC"
"268","Sg_237","Seagrass",-0.920879120879121,0,"DEC"
"269","Sg_238","Seagrass",-0.713286713286713,0.0121143948815955,"DEC"
"270","Sg_239","Seagrass",-0.685314685314685,0.0173050234870596,"DEC"
"271","Sg_240","Seagrass",-0.478787878787879,0.166058037179348,"DEC"
"272","Sg_241","Seagrass",-0.435764531654943,0.000121669424378415,"DEC"
"273","Sg_242","Seagrass",0.952380952380953,0.00114087301587302,"INC"
"274","Sg_243","Seagrass",-0.142857142857143,0.75203373015873,"NT"
"275","Sg_244","Seagrass",0.352172799453599,0.0108150014795934,"INC"
"276","Sg_245","Seagrass",0.964285714285714,0.00277777777777778,"INC"
"277","Sg_246","Seagrass",-1,0.0166666666666667,"DEC"
"278","Sg_247","Seagrass",-0.444716351501668,0.0145662795041859,"DEC"
"279","Sg_248","Seagrass",1,0.0833333333333333,"INC"
"280","Sg_249","Seagrass",0.257142857142857,0.658333333333333,"NT"
"281","Sg_250","Seagrass",-0.115897435897436,0.571434413759297,"NT"
"282","Sg_251","Seagrass",-0.428571428571428,0.353571428571429,"DEC"
"283","Sg_252","Seagrass",-0.321052631578947,0.179956172835233,"DEC"
"284","Sg_253","Seagrass",0.4,0.75,"NT"
"285","Sg_254","Seagrass",-0.142857142857143,0.802777777777778,"NT"
"286","Sg_255","Seagrass",-0.829670329670329,1.71463436134159e-06,"DEC"
"287","Sg_256","Seagrass",-0.857142857142857,0.0238095238095238,"DEC"
"288","Sg_257","Seagrass",-0.642857142857143,0.138888888888889,"DEC"
"289","Sg_261","Seagrass",-0.496442255062945,0.0078793040504147,"DEC"
"290","Sg_262","Seagrass",-0.0714285714285714,0.906349206349206,"NT"
"291","Sg_263","Seagrass",0.917857142857143,0,"INC"
"292","Sg_267","Seagrass",-0.0435938945420907,0.770506948605545,"NT"
"293","Sg_268","Seagrass",-0.464285714285714,0.302380952380952,"DEC"
"294","Sg_269","Seagrass",-0.0476190476190476,0.934871031746032,"NT"
"295","Sg_270","Seagrass",-0.40295566502463,0.0310777637622544,"DEC"
"296","Sg_271","Seagrass",0.571428571428572,0.151140873015873,"INC"
"297","Sg_272","Seagrass",0.30952380952381,0.461805555555556,"INC"
"298","Sg_279","Seagrass",-0.144292549555707,0.287825674445896,"DEC"
"299","Sg_280","Seagrass",-0.629417094533374,9.98506292564985e-06,"DEC"
"300","Sg_281","Seagrass",-0.720779220779221,0.00033715980351334,"DEC"
"301","Sg_282","Seagrass",-0.694559099437148,1.60196260764851e-06,"DEC"
"302","Sg_283","Seagrass",0.142857142857143,0.802777777777778,"NT"
"303","Sg_284","Seagrass",0.2,0.713888888888889,"NT"
"304","Sg_285","Seagrass",0.374613003095975,0.126305597300531,"INC"
"305","Sg_286","Seagrass",0.00490196078431373,0.988686983859535,"NT"
"306","Sg_287","Seagrass",0.0602910602910603,0.718355361791024,"NT"
"307","Sg_288","Seagrass",-0.0357142857142857,0.963492063492064,"NT"
"308","Sg_289","Seagrass",-0.428571428571428,0.353571428571429,"DEC"
"309","Sg_291","Seagrass",-0.568916619398752,0.000111981422434523,"DEC"
"310","Sg_292","Seagrass",0.214285714285714,0.661507936507936,"NT"
"311","Sg_293","Seagrass",0.714285714285714,0.0575892857142857,"INC"
"312","Sg_294","Seagrass",-0.35320197044335,0.0608462656182955,"DEC"
"313","Sg_298","Seagrass",-0.327346041055718,0.0679180608011414,"DEC"
"314","Sg_299","Seagrass",-0.119047619047619,0.793005952380952,"NT"
"315","Sg_300","Seagrass",0.828571428571429,0.0583333333333333,"INC"
"316","Sg_301","Seagrass",-0.765054528212423,3.75603457556548e-07,"DEC"
"317","Sg_302","Seagrass",-0.214285714285714,0.661507936507936,"NT"
"318","Sg_303","Seagrass",0.714285714285714,0.0575892857142857,"INC"
"319","Sg_307","Seagrass",-0.783333333333333,0.0172233245149912,"DEC"
"320","Sg_308","Seagrass",-0.952380952380953,0.00114087301587302,"DEC"
"321","Sg_309","Seagrass",-0.286923076923077,0.163981523106155,"DEC"
"322","Sg_310","Seagrass",-0.520387700534759,0.00218974071270564,"DEC"
"323","Sg_311","Seagrass",-0.883563804616436,0,"DEC"
"324","Sg_312","Seagrass",-0.775137362637363,0,"DEC"
"325","Sg_313","Seagrass",-0.0324886877828054,0.82055319744477,"NT"
"326","Sg_314","Seagrass",-0.884048027444254,0,"DEC"
"327","Sg_315","Seagrass",-0.782653167727795,0,"DEC"
"328","Sg_316","Seagrass",-0.920588235294118,0,"DEC"
"329","Sg_317","Seagrass",-0.802197802197802,0.00162431011657345,"DEC"
"330","Sg_318","Seagrass",-0.1,0.775664871585324,"NT"
"331","Sg_319","Seagrass",0.563636363636364,0.0759390758518602,"INC"
"332","Sg_320","Seagrass",-0.880701754385965,0,"DEC"
"333","Sg_321","Seagrass",-0.789285714285714,0.000744890254855629,"DEC"
"334","Sg_322","Seagrass",-0.0392857142857143,0.892928362903675,"NT"
"335","Sg_323","Seagrass",-0.722077922077922,0.000325062535623683,"DEC"
"336","Sg_324","Seagrass",0.794518963922294,0,"INC"
"337","Sg_325","Seagrass",0.110588235294118,0.438635513980841,"INC"
"338","Sg_326","Seagrass",-0.781887150308203,2.48968705776493e-07,"DEC"
"339","Sg_327","Seagrass",-1,1,"NT"
"340","Sg_328","Seagrass",-0.836945304437564,1.30094895912285e-06,"DEC"
"341","Sg_329","Seagrass",-0.8,0.333333333333333,"DEC"
"342","Sg_330","Seagrass",-0.737582126521442,0.000476803777692749,"DEC"
"343","Sg_331","Seagrass",-0.646749680706107,0.00276629445703888,"DEC"
"344","Sg_332","Seagrass",-0.761904761904762,0.0367559523809524,"DEC"
"345","Sg_336","Seagrass",-0.9,0.0833333333333333,"DEC"
"346","Sg_337","Seagrass",-0.796724616754452,0.0101562798623878,"DEC"
"347","Sg_338","Seagrass",0.5,0.45,"INC"
"348","Sg_339","Seagrass",-1,0.0166666666666667,"DEC"
"349","Sg_340","Seagrass",-0.3,0.683333333333333,"NT"
"350","Sg_341","Seagrass",0.4,0.75,"NT"
"351","Sg_342","Seagrass",0.5,0.45,"INC"
"352","Sg_343","Seagrass",0.8,0.133333333333333,"INC"
"353","Sg_344","Seagrass",-0.2,0.783333333333333,"NT"
"354","Sg_345","Seagrass",0.8,0.133333333333333,"INC"
"355","Sg_346","Seagrass",-0.1,0.95,"NT"
"356","Sg_347","Seagrass",0.9,0.0833333333333333,"INC"
"357","Sg_348","Seagrass",0.7,0.233333333333333,"INC"
"358","Sg_349","Seagrass",-1,0.0833333333333333,"DEC"
"359","Sg_350","Seagrass",-0.8,0.133333333333333,"DEC"
"360","Sg_351","Seagrass",-0.9,0.0833333333333333,"DEC"
"361","Sg_352","Seagrass",-1,0.0166666666666667,"DEC"
"362","Sg_353","Seagrass",-0.9,0.0833333333333333,"DEC"
"363","Sg_354","Seagrass",-0.9,0.0833333333333333,"DEC"
"364","Sg_355","Seagrass",-0.0357142857142857,0.963492063492064,"NT"
"365","Sg_356","Seagrass",-0.178571428571429,0.713095238095238,"NT"
"366","Sg_357","Seagrass",0,1,"NT"
"367","Sg_358","Seagrass",-0.785714285714285,0.048015873015873,"DEC"
"368","Sg_359","Seagrass",-0.75,0.0662698412698413,"DEC"
"369","Sg_360","Seagrass",-0.0285714285714286,1,"NT"
"370","Sg_361","Seagrass",-0.964285714285714,0.00277777777777778,"DEC"
"371","Sg_362","Seagrass",-0.0857142857142857,0.919444444444444,"NT"
"372","Sg_363","Seagrass",-0.9,0.0833333333333333,"DEC"
"373","Sg_364","Seagrass",0.828571428571429,0.0583333333333333,"INC"
"374","Sg_365","Seagrass",1,0.000396825396825397,"INC"
"375","Sg_366","Seagrass",0.892857142857143,0.0123015873015873,"INC"
"376","Sg_367","Seagrass",0.0714285714285714,0.906349206349206,"NT"
"377","Sg_368","Seagrass",0.535714285714286,0.235714285714286,"INC"
"378","Sg_369","Seagrass",0.485714285714286,0.355555555555556,"INC"
"379","Sg_370","Seagrass",0.678571428571428,0.10952380952381,"INC"
"380","Sg_371","Seagrass",0.142857142857143,0.782539682539683,"NT"
"381","Sg_372","Seagrass",-0.785714285714285,0.048015873015873,"DEC"
"382","Sg_373","Seagrass",0.321428571428571,0.497619047619048,"INC"
"383","Sg_374","Seagrass",0.107142857142857,0.83968253968254,"NT"
"384","Sg_375","Seagrass",0.214285714285714,0.661507936507936,"NT"
"385","Sg_376","Seagrass",0.4,0.516666666666667,"NT"
"386","Sg_377","Seagrass",-0.8,0.133333333333333,"DEC"
"387","Sg_378","Seagrass",0.8,0.133333333333333,"INC"
"388","Sg_379","Seagrass",0.1,0.95,"NT"
"389","Sg_380","Seagrass",0.1,0.95,"NT"
"390","Sg_381","Seagrass",-0.8,0.333333333333333,"DEC"
"391","Sg_382","Seagrass",-0.6,0.35,"DEC"
"392","Sg_383","Seagrass",-1,0.0166666666666667,"DEC"
"393","Sg_384","Seagrass",-0.9,0.0833333333333333,"DEC"
"394","Sg_385","Seagrass",-0.9,0.0833333333333333,"DEC"
"395","Sg_386","Seagrass",-0.5,0.45,"DEC"
"396","Sg_387","Seagrass",-1,0.0166666666666667,"DEC"
"397","Sg_388","Seagrass",0,1,"NT"
"398","Sg_389","Seagrass",-1,0.0166666666666667,"DEC"
"399","Sg_390","Seagrass",-0.7,0.233333333333333,"DEC"
"400","Sg_391","Seagrass",-0.7,0.233333333333333,"DEC"
"401","Sg_392","Seagrass",0.5,0.45,"INC"
"402","Sg_393","Seagrass",-0.2,0.783333333333333,"NT"
"403","Sg_394","Seagrass",0.3,0.683333333333333,"NT"
"404","Sg_395","Seagrass",0.4,0.516666666666667,"NT"
"405","Sg_396","Seagrass",0.3,0.683333333333333,"NT"
"406","Sg_397","Seagrass",0.4,0.516666666666667,"NT"
"407","Sg_398","Seagrass",-0.9,0.0833333333333333,"DEC"
"408","Sg_399","Seagrass",-0.6,0.35,"DEC"
"409","Sg_400","Seagrass",-0.6,0.35,"DEC"
"410","Sg_401","Seagrass",-0.9,0.0833333333333333,"DEC"
"411","Sg_402","Seagrass",-0.8,0.133333333333333,"DEC"
"412","Sg_403","Seagrass",-0.2,0.916666666666667,"NT"
"413","Sg_404","Seagrass",-0.3,0.683333333333333,"NT"
"414","Sg_405","Seagrass",0.5,0.45,"INC"
"415","Sg_406","Seagrass",-0.833333333333333,0.0153769841269841,"DEC"
"416","Sg_407","Seagrass",-0.428571428571429,0.299206349206349,"DEC"
"417","Sg_408","Seagrass",-0.261904761904762,0.53640873015873,"NT"
"418","Sg_409","Seagrass",-0.571428571428572,0.151140873015873,"DEC"
"419","Sg_410","Seagrass",-0.476190476190476,0.243055555555556,"DEC"
"420","Sg_411","Seagrass",-0.857142857142857,0.0107142857142857,"DEC"
"421","Sg_412","Seagrass",-0.97007727214974,6.54855883112051e-05,"DEC"
"422","Sg_413","Seagrass",-0.922172221673209,0.00111081735780618,"DEC"
"423","Sg_414","Seagrass",-0.904761904761905,0.00456349206349206,"DEC"
"424","Sg_415","Seagrass",-0.714285714285714,0.0575892857142857,"DEC"
"425","Sg_416","Seagrass",-0.857142857142857,0.0107142857142857,"DEC"
"426","Sg_417","Seagrass",-0.428571428571429,0.299206349206349,"DEC"
"427","Sg_418","Seagrass",-0.928571428571429,0.00223214285714286,"DEC"
"428","Sg_419","Seagrass",-1,4.96031746031746e-05,"DEC"
"429","Sg_420","Seagrass",-0.976190476190476,0.000396825396825397,"DEC"
"430","Sg_421","Seagrass",-0.916666666666667,0.00131172839506173,"DEC"
"431","Sg_422","Seagrass",-0.533333333333333,0.147525352733686,"DEC"
"432","Sg_423","Seagrass",-0.716666666666667,0.0368661816578483,"DEC"
"433","Sg_424","Seagrass",-0.738095238095238,0.0458333333333333,"DEC"
"434","Sg_425","Seagrass",-0.904761904761905,0.00456349206349206,"DEC"
"435","Sg_426","Seagrass",-0.404761904761905,0.326835317460317,"DEC"
"436","Sg_427","Seagrass",-1,0.0833333333333333,"DEC"
"437","Sg_428","Seagrass",-0.371428571428571,0.497222222222222,"DEC"
"438","Sg_429","Seagrass",-0.11595420713049,0.826848213385815,"NT"
"439","Sg_430","Seagrass",0.928571428571428,0.00674603174603175,"INC"
"440","Sg_431","Seagrass",0.952380952380953,0.00114087301587302,"INC"
"441","Sg_432","Seagrass",-0.0238095238095238,0.976785714285714,"NT"
"442","Sg_433","Seagrass",-0.514979292622701,0.191549313415866,"DEC"
"443","Sg_434","Seagrass",0.142857142857143,0.75203373015873,"NT"
"444","Sg_435","Seagrass",0.30952380952381,0.461805555555556,"INC"
"445","Sg_436","Seagrass",-0.682646969290558,0.0620926923823171,"DEC"
"446","Sg_437","Seagrass",-0.690476190476191,0.0693948412698413,"DEC"
"447","Sg_438","Seagrass",-0.833333333333333,0.0153769841269841,"DEC"
"448","Sg_439","Seagrass",0.928571428571429,0.00223214285714286,"INC"
"449","Sg_440","Seagrass",0.666666666666667,0.0830853174603175,"INC"
"450","Sg_441","Seagrass",0.952380952380953,0.00114087301587302,"INC"
"451","Sg_442","Seagrass",0.6,0.241666666666667,"INC"
"452","Sg_443","Seagrass",0.942857142857143,0.0166666666666667,"INC"
"453","Sg_444","Seagrass",0.314285714285714,0.563888888888889,"NT"
"454","Sg_445","Seagrass",-0.257142857142857,0.658333333333333,"NT"
"455","Sg_446","Seagrass",-1,0.333333333333333,"DEC"
"456","Sg_447","Seagrass",-0.1,0.95,"NT"
"457","Sg_448","Seagrass",-0.761904761904762,0.0367559523809524,"DEC"
"458","Sg_449","Seagrass",-0.642857142857143,0.0961805555555556,"DEC"
"459","Sg_450","Seagrass",-0.0238095238095238,0.976785714285714,"NT"
"460","Sg_451","Seagrass",-0.380952380952381,0.359871031746032,"DEC"
"461","Sg_452","Seagrass",0.952380952380953,0.00114087301587302,"INC"
"462","Sg_453","Seagrass",0.571428571428572,0.151140873015873,"INC"
"463","Sg_454","Seagrass",-0.904761904761905,0.00456349206349206,"DEC"
"464","Sg_455","Seagrass",-0.904761904761905,0.00456349206349206,"DEC"
"465","Sg_456","Seagrass",0.357142857142857,0.389384920634921,"INC"
"466","Sg_457","Seagrass",-0.404761904761905,0.326835317460317,"DEC"
"467","Sg_458","Seagrass",-0.0238095238095238,0.976785714285714,"NT"
"468","Sg_459","Seagrass",0.380952380952381,0.359871031746032,"INC"
"469","Sg_460","Seagrass",0.0476190476190476,0.934871031746032,"NT"
"470","Sg_461","Seagrass",0.523809523809524,0.196626984126984,"INC"
"471","Sg_462","Seagrass",0,1,"NT"
"472","Sg_463","Seagrass",-0.880952380952381,0.00724206349206349,"DEC"
"473","Sg_464","Seagrass",-0.285714285714286,0.500793650793651,"NT"
"474","Sg_465","Seagrass",-0.214285714285714,0.619097222222222,"NT"
"475","Sg_466","Seagrass",0.714285714285714,0.0575892857142857,"INC"
"476","Sg_467","Seagrass",0.404761904761905,0.326835317460317,"INC"
"477","Sg_468","Seagrass",-0.642857142857143,0.0961805555555556,"DEC"
"478","Sg_469","Seagrass",0.179643939286989,0.670344277246939,"NT"
"479","Sg_470","Seagrass",-0.862290908577547,0.00587299067229699,"DEC"
"480","Sg_471","Seagrass",-0.682646969290558,0.0620926923823171,"DEC"
"481","Sg_472","Seagrass",0.629804939496889,1.91981487031538e-08,"INC"
"482","Sg_473","Seagrass",0.649509803921569,0.0059066798655768,"INC"
"483","Sg_474","Seagrass",0.82406015037594,3.8387920495087e-06,"INC"
"484","Sg_475","Seagrass",0.428571428571429,0.299206349206349,"INC"
"485","Sg_476","Seagrass",-0.639516129032258,0.000151719230694205,"DEC"
"486","Sg_477","Seagrass",-0.738095238095238,0.0458333333333333,"DEC"
"487","Sg_478","Seagrass",-0.69453044375645,0.00188306951059854,"DEC"
"488","Sg_479","Seagrass",-0.95352016404648,0,"DEC"
"489","Sg_480","Seagrass",-0.965248923472086,0,"DEC"
"490","Sg_481","Seagrass",-0.941353383458647,5.69497245579335e-06,"DEC"
"491","Sg_482","Seagrass",-0.821428571428571,0.0341269841269841,"DEC"
"492","Sg_483","Seagrass",-0.964285714285714,0.00277777777777778,"DEC"
"493","Sg_484","Seagrass",-0.975267379679144,0,"DEC"
"494","Sg_485","Seagrass",-0.609296734121418,0,"DEC"
"495","Sg_486","Seagrass",0.291208791208791,0.334070890240921,"INC"
"496","Sg_487","Seagrass",0.570588235294118,0.0231763783600095,"INC"
"497","Sg_488","Seagrass",0.367857142857143,0.177894090353816,"INC"
"498","Sg_489","Seagrass",-0.583098591549296,2.15481211371868e-07,"DEC"
"499","Sg_490","Seagrass",-0.795665634674923,0.000111862373914307,"DEC"
"500","Sg_491","Seagrass",-0.678571428571428,0.10952380952381,"DEC"
"501","Sg_492","Seagrass",-0.942857142857143,0.0166666666666667,"DEC"
"502","Sg_493","Seagrass",-0.975757575757576,0,"DEC"
"503","Sg_494","Seagrass",-0.933333333333333,0.000749559082892416,"DEC"
"504","Sg_495","Seagrass",-0.862664165103189,0,"DEC"
"505","Sg_496","Seagrass",-0.733333333333333,0.0211664810722656,"DEC"
"506","Sg_497","Seagrass",-0.856439435386804,0,"DEC"
"507","Sg_498","Seagrass",-0.916666666666667,0.00131172839506173,"DEC"
"508","Sg_499","Seagrass",-0.279693486590038,0.149180028251818,"DEC"
"509","Sg_500","Seagrass",-0.173520571383189,0.334185711574997,"DEC"
"510","Sg_501","Seagrass",0.0152499300065904,0.946297618153841,"NT"
"511","Sg_502","Seagrass",-0.876258571710286,1.92013083192863e-07,"DEC"
"512","Sg_503","Seagrass",-0.461110518625656,0.0103288435564099,"DEC"
"513","Sg_504","Seagrass",0.742857142857143,0.000265205379562556,"INC"
"514","Sg_505","Seagrass",0.226284584980237,0.297723590208729,"INC"
"515","Sg_506","Seagrass",-0.851832844545478,7.25839785398506e-06,"DEC"
"516","Sg_507","Seagrass",-0.0909090909090909,0.811416953056796,"NT"
"517","Sg_508","Seagrass",-0.660606060606061,0.0440265528478426,"DEC"
"518","Sg_509","Seagrass",0.6,0.0731198750392827,"INC"
"519","Sg_510","Seagrass",0.478787878787879,0.166058037179348,"INC"
"520","Sg_511","Seagrass",0.151515151515151,0.681807643477163,"NT"
"521","Sg_512","Seagrass",-0.466666666666667,0.178219329270542,"DEC"
"522","Sg_513","Seagrass",-0.321212121212121,0.367683999158498,"DEC"
"523","Sg_514","Seagrass",-0.806060606060606,0.00823557082285114,"DEC"
"524","Sg_515","Seagrass",-0.503030303030303,0.14336680194002,"DEC"
"525","Sg_516","Seagrass",-0.442424242424242,0.204200583289326,"DEC"
"526","Sg_517","Seagrass",0.248484848484848,0.491555497342584,"INC"
"527","Sg_518","Seagrass",0.139393939393939,0.707203785571239,"NT"
"528","Sg_519","Seagrass",-0.0545454545454545,0.891638843953117,"NT"
"529","Sg_520","Seagrass",0.442424242424242,0.204200583289326,"INC"
"530","Sg_521","Seagrass",-0.418181818181818,0.232418098250503,"DEC"
"531","Sg_527","Seagrass",0.224242424242424,0.536688086753551,"NT"
"532","Sg_528","Seagrass",-0.490909090909091,0.154442672733181,"DEC"
"533","Sg_529","Seagrass",-0.490909090909091,0.154442672733181,"DEC"
"534","Sg_530","Seagrass",-0.0545454545454545,0.891638843953117,"NT"
"535","Sg_531","Seagrass",-0.139393939393939,0.707203785571239,"NT"
"536","Sg_532","Seagrass",-0.175757575757576,0.631967363906088,"NT"
"537","Sg_533","Seagrass",0.0545454545454545,0.891638843953118,"NT"
"538","Sg_534","Seagrass",-0.381818181818182,0.278965216116317,"DEC"
"539","Sg_535","Seagrass",0.36969696969697,0.295604089197811,"INC"
"540","Sg_536","Seagrass",-0.503030303030303,0.14336680194002,"DEC"
"541","Sg_537","Seagrass",0.236363636363636,0.513898326223936,"NT"
"542","Sg_538","Seagrass",0.76969696969697,0.0136717821032753,"INC"
"543","Sg_539","Seagrass",-0.2,0.58354058456642,"NT"
"544","Sg_540","Seagrass",-0.393939393939394,0.262886783524689,"DEC"
"545","Sg_541","Seagrass",-0.393939393939394,0.262886783524689,"DEC"
"546","Sg_547","Seagrass",0.321212121212121,0.367683999158498,"INC"
"547","Sg_548","Seagrass",-0.0666666666666667,0.864753528804526,"NT"
"548","Sg_549","Seagrass",-0.43030303030303,0.218028474590315,"DEC"
"549","Sg_550","Seagrass",-0.0181818181818182,0.972841176143636,"NT"
"550","Sg_551","Seagrass",0.284848484848485,0.427359698875701,"INC"
"551","Sg_552","Seagrass",-0.284848484848485,0.427359698875701,"DEC"
"552","Sg_553","Seagrass",-0.0424242424242424,0.918633282432669,"NT"
"553","Sg_554","Seagrass",0.321212121212121,0.367683999158498,"INC"
"554","Sg_555","Seagrass",0.321212121212121,0.367683999158498,"INC"
"555","Sg_556","Seagrass",0.442424242424242,0.204200583289326,"INC"
"556","Sg_557","Seagrass",0.454545454545455,0.190932019316111,"INC"
"557","Sg_558","Seagrass",-0.0545454545454545,0.891638843953117,"NT"
"558","Sg_559","Seagrass",0.527272727272727,0.12280318761783,"INC"
"559","Sg_560","Seagrass",0.127272727272727,0.732886836413125,"NT"
"560","Sg_561","Seagrass",0.575757575757576,0.0877680432613642,"INC"
"561","Sg_567","Seagrass",-0.103343942425611,0.77633406024091,"NT"
"562","Sg_568","Seagrass",-0.757575757575757,0.0159208292880929,"DEC"
"563","Sg_569","Seagrass",0.0787878787878788,0.83800409458326,"NT"
"564","Sg_570","Seagrass",-0.6,0.0731198750392827,"DEC"
"565","Sg_571","Seagrass",0.00606060606060606,1,"NT"
"566","Sg_572","Seagrass",-0.151515151515151,0.681807643477163,"NT"
"567","Sg_573","Seagrass",-0.503030303030303,0.14336680194002,"DEC"
"568","Sg_574","Seagrass",0.345454545454545,0.330549465992496,"INC"
"569","Sg_575","Seagrass",0.163636363636364,0.656721421523199,"NT"
"570","Sg_576","Seagrass",-0.442424242424242,0.204200583289326,"DEC"
"571","Sg_577","Seagrass",-0.333333333333333,0.348846243872153,"DEC"
"572","Sg_578","Seagrass",0.127272727272727,0.732886836413125,"NT"
"573","Sg_579","Seagrass",-0.103030303030303,0.785018103976204,"NT"
"574","Sg_580","Seagrass",-0.284848484848485,0.427359698875701,"DEC"
"575","Sg_581","Seagrass",0.139393939393939,0.707203785571239,"NT"
"576","Sg_587","Seagrass",0.235294117647059,0.379021392966311,"INC"
"577","Sg_588","Seagrass",-0.65546218487395,3.01958434867409e-05,"DEC"
"578","Sm_001","Tidal Marsh",-0.333333333333333,0.385322971781305,"DEC"
"579","Sm_004","Tidal Marsh",0.404424276800908,0.00831915077458426,"INC"
"580","Sm_005","Tidal Marsh",-0.378947368421053,0.100227040923247,"DEC"
"581","Sm_006","Tidal Marsh",-0.774560117302053,1.19713754399593e-06,"DEC"
"582","Sm_007","Tidal Marsh",-0.590909090909091,0.0607282533857394,"DEC"
"583","Sm_008","Tidal Marsh",0.285714285714286,0.555952380952381,"NT"
"584","Sm_009","Tidal Marsh",-0.857142857142857,0.0238095238095238,"DEC"
"585","Sm_010","Tidal Marsh",-0.81341642228739,6.3277798198738e-07,"DEC"
"586","Sm_011","Tidal Marsh",-0.75,0.0662698412698413,"DEC"
"587","Sm_012","Tidal Marsh",-0.714285714285714,0.0880952380952381,"DEC"
"588","Sm_013","Tidal Marsh",-0.453017570664629,0.00765870718190253,"DEC"
"589","Sm_014","Tidal Marsh",-0.595238095238095,0.132291666666667,"DEC"
"590","Sm_015","Tidal Marsh",-0.964285714285714,0.00277777777777778,"DEC"
"591","Sm_016","Tidal Marsh",-0.69047619047619,0.000101661829076613,"DEC"
"592","Sm_020","Tidal Marsh",-0.142857142857143,0.782539682539683,"NT"
"593","Sm_021","Tidal Marsh",-0.928571428571428,0.00674603174603175,"DEC"
"594","Sm_022","Tidal Marsh",-0.174967061923584,0.249433613743944,"DEC"
"595","Sm_023","Tidal Marsh",-0.62,0.00155088292287265,"DEC"
"596","Sm_024","Tidal Marsh",-0.89010989010989,0,"DEC"
"597","Sm_025","Tidal Marsh",-0.757701408519159,3.02520388521187e-06,"DEC"
"598","Sm_026","Tidal Marsh",-0.821428571428571,0.0341269841269841,"DEC"
"599","Sm_027","Tidal Marsh",-0.376012223071047,0.0291047344228489,"DEC"
"600","Sm_028","Tidal Marsh",-0.717036874931612,1.21433705612902e-06,"DEC"
"601","Sm_032","Tidal Marsh",-0.785714285714286,0.0279265873015873,"DEC"
"602","Sm_033","Tidal Marsh",-0.821428571428571,0.0341269841269841,"DEC"
"603","Sm_034","Tidal Marsh",-0.614973262032086,0.000190659772832424,"DEC"
"604","Sm_035","Tidal Marsh",-0.5,0.266666666666667,"DEC"
"605","Sm_036","Tidal Marsh",-0.828571428571429,0.0583333333333333,"DEC"
"606","Sm_037","Tidal Marsh",-0.253221288515406,0.141911016940331,"DEC"
"607","Sm_038","Tidal Marsh",-0.905791788856305,3.48130308443635e-08,"DEC"
"608","Sm_039","Tidal Marsh",-0.904761904761905,0.00456349206349206,"DEC"
"609","Sm_042","Tidal Marsh",-0.803629032258065,9.39144685412086e-07,"DEC"
"610","Sm_043","Tidal Marsh",-0.933870967741936,0,"DEC"
"611","Sm_044","Tidal Marsh",-0.783333333333333,0.0172233245149912,"DEC"
"612","Sm_045","Tidal Marsh",-0.816666666666667,0.0107694003527337,"DEC"
"613","Sm_046","Tidal Marsh",-0.769794721407625,1.333597753722e-06,"DEC"
"614","Sm_047","Tidal Marsh",-0.333333333333333,0.385322971781305,"DEC"
"615","Sm_048","Tidal Marsh",0.422307692307692,0.0365417423129963,"INC"
"616","Sm_049","Tidal Marsh",-0.279411764705882,0.276432987525513,"DEC"
"617","Sm_050","Tidal Marsh",0.408823529411765,0.117166365148489,"INC"
"618","Sm_051","Tidal Marsh",-0.388868022987208,0.0901625242490774,"DEC"
"619","Sm_052","Tidal Marsh",0.707106781186547,0.181690113816209,"INC"
"620","Sm_053","Tidal Marsh",0.716984852202236,0.0297112137490323,"INC"
"621","Sm_054","Tidal Marsh",-0.963636363636364,0,"DEC"
"622","Sm_057","Tidal Marsh",-1,0.00277777777777778,"DEC"
"623","Sm_058","Tidal Marsh",-0.942857142857143,0.0166666666666667,"DEC"
"624","Sm_059","Tidal Marsh",-0.985714285714286,0,"DEC"
"625","Sm_060","Tidal Marsh",-0.963636363636364,0,"DEC"
"626","Sm_063","Tidal Marsh",-0.985610760609162,0.000309085667849675,"DEC"
"627","Sm_064","Tidal Marsh",-0.928571428571429,0.00223214285714286,"DEC"
"628","Sm_065","Tidal Marsh",0.103331451157538,0.646249419890467,"NT"
"629","Sm_066","Tidal Marsh",-0.122605363984674,0.53268947652385,"NT"
"630","Sm_067","Tidal Marsh",0.188644688644689,0.344438196848845,"INC"
"631","Sm_068","Tidal Marsh",-0.205194805194805,0.370550453842787,"DEC"
"632","Sm_069","Tidal Marsh",-0.468137254901961,0.0599886765733457,"DEC"
"633","Sm_070","Tidal Marsh",0.648695652173913,0.000806507728155443,"INC"
"634","Sm_071","Tidal Marsh",0.710769230769231,0.000104774815425253,"INC"
"635","Sm_072","Tidal Marsh",0.692207792207792,0.000711735596203377,"INC"
"636","Sm_073","Tidal Marsh",0.102990033222591,0.509773883849961,"NT"
"637","Sm_074","Tidal Marsh",-0.586813186813187,0.030331608497692,"DEC"
"638","Sm_075","Tidal Marsh",0.401204159824849,0.0352493262196314,"INC"
"639","Sm_076","Tidal Marsh",0.272825246572156,0.273364230773962,"INC"
"640","Sm_077","Tidal Marsh",-0.146671691455523,0.537200292409665,"NT"
"641","Sm_078","Tidal Marsh",-0.214285714285714,0.619097222222222,"NT"
"642","Sm_079","Tidal Marsh",0.535902748278835,0.0725074830303382,"INC"
"643","Sm_080","Tidal Marsh",-0.540804852084724,0.0138121130851745,"DEC"
"644","Sm_081","Tidal Marsh",-0.960902255639098,6.47297490182602e-06,"DEC"
"645","Sm_082","Tidal Marsh",-0.712781954887218,0.000607059010745138,"DEC"
"646","Sm_083","Tidal Marsh",-0.87218045112782,0,"DEC"
"647","Sm_084","Tidal Marsh",-0.112327625762313,0.533700527355129,"NT"
"648","Sm_085","Tidal Marsh",-0.983333333333333,4.96031746031746e-05,"DEC"
"649","Sm_086","Tidal Marsh",-0.818181818181818,0.0068111327718268,"DEC"
"650","Sm_087","Tidal Marsh",-0.452380952380952,0.267460317460317,"DEC"
"651","Sm_088","Tidal Marsh",-1,4.96031746031746e-05,"DEC"
"652","Sm_089","Tidal Marsh",-0.983333333333333,4.96031746031746e-05,"DEC"
"653","Sm_090","Tidal Marsh",-0.587878787878788,0.0802150639781515,"DEC"
"654","Sm_091","Tidal Marsh",-0.785714285714286,0.0279265873015873,"DEC"
"655","Sm_092","Tidal Marsh",-0.880952380952381,0.00724206349206349,"DEC"
"656","Sm_093","Tidal Marsh",-0.885714285714286,0.0333333333333333,"DEC"
"657","Sm_094","Tidal Marsh",-0.784198151347283,0.00724548640305256,"DEC"
"658","Sm_095","Tidal Marsh",-0.392857142857143,0.395634920634921,"DEC"
"659","Sm_096","Tidal Marsh",-0.963636363636364,0,"DEC"
"660","Sm_097","Tidal Marsh",-1,0.00277777777777778,"DEC"
"661","Sm_100","Tidal Marsh",-0.83030303030303,0.00555680454585395,"DEC"
"662","Sm_101","Tidal Marsh",0.139393939393939,0.707203785571239,"NT"
"663","Sm_102","Tidal Marsh",-0.916666666666667,0.00131172839506173,"DEC"
"664","Sm_103","Tidal Marsh",-0.1,0.95,"NT"
"665","Sm_104","Tidal Marsh",-0.983333333333333,4.96031746031746e-05,"DEC"
"666","Sm_105","Tidal Marsh",-0.890909090909091,0.00138026714145766,"DEC"
"667","Sm_106","Tidal Marsh",-0.486324434944052,0.154079965146637,"DEC"
"668","Sm_107","Tidal Marsh",-0.833333333333333,0.00826719576719577,"DEC"
"669","Sm_108","Tidal Marsh",-0.866666666666667,0.00450837742504409,"DEC"
"670","Sm_109","Tidal Marsh",-0.83030303030303,0.00555680454585395,"DEC"
"671","Sm_110","Tidal Marsh",-0.928571428571428,0.00674603174603175,"DEC"
"672","Sm_111","Tidal Marsh",-0.587878787878788,0.0802150639781515,"DEC"
"673","Sm_112","Tidal Marsh",-0.733333333333333,0.0211664810722656,"DEC"
"674","Sm_113","Tidal Marsh",-0.933333333333333,0.000749559082892416,"DEC"
"675","Sm_114","Tidal Marsh",-0.233333333333333,0.551708553791887,"NT"
"676","Sm_115","Tidal Marsh",-0.821428571428571,0.0341269841269841,"DEC"
"677","Sm_116","Tidal Marsh",-0.175733755838702,0.651083850322289,"NT"
"678","Sm_117","Tidal Marsh",-0.0729486652416077,0.841271267559294,"NT"
"679","Sm_118","Tidal Marsh",-0.668696098048071,0.0345095416517853,"DEC"
"680","Sm_119","Tidal Marsh",-0.927272727272727,0.000130162394465273,"DEC"
"681","Sm_120","Tidal Marsh",-0.115151515151515,0.758833070490857,"NT"
"682","Sm_121","Tidal Marsh",-0.781818181818182,0.0116512675298474,"DEC"
"683","Sm_122","Tidal Marsh",-0.35,0.358581349206349,"DEC"
"684","Sm_123","Tidal Marsh",-0.309090909090909,0.387054968154447,"DEC"
"685","Sm_124","Tidal Marsh",-0.345454545454545,0.330549465992496,"DEC"
"686","Sm_125","Tidal Marsh",-0.496503496503497,0.104092832873526,"DEC"
"687","Sm_126","Tidal Marsh",0.054945054945055,0.863235584374163,"NT"
"688","Sm_127","Tidal Marsh",-0.652747252747253,0.013711381946849,"DEC"
"689","Sm_128","Tidal Marsh",-0.814285714285714,0.000339644328111906,"DEC"
"690","Sm_129","Tidal Marsh",-0.857142857142857,0.000261585621436061,"DEC"
"691","Sm_130","Tidal Marsh",-0.935714285714286,0,"DEC"
"692","Sm_131","Tidal Marsh",-0.678321678321678,0.0188251260525212,"DEC"
"693","Sm_132","Tidal Marsh",-0.963636363636364,0,"DEC"
"694","Sm_133","Tidal Marsh",-0.335664335664336,0.286690914249746,"DEC"
"695","Sm_134","Tidal Marsh",-0.863636363636364,0.00127451701387643,"DEC"
"696","Sm_135","Tidal Marsh",-0.909090909090909,5.55408265736444e-05,"DEC"
"697","Sm_136","Tidal Marsh",-0.937062937062937,0,"DEC"
"698","Sm_137","Tidal Marsh",-0.763636363636364,0.00921598665454992,"DEC"
"699","Sm_138","Tidal Marsh",-0.872727272727273,0.000948977059617062,"DEC"
"700","Sm_139","Tidal Marsh",-0.705494505494506,0.00640539474672641,"DEC"
"701","Sm_140","Tidal Marsh",-0.804195804195804,0.00274613530473304,"DEC"
"702","Sm_141","Tidal Marsh",-0.850490196078431,0,"DEC"
"703","Sm_142","Tidal Marsh",-0.912087912087912,0,"DEC"
"704","Sm_143","Tidal Marsh",-0.979020979020979,0,"DEC"
"705","Sm_144","Tidal Marsh",0.567857142857143,0.0298044733892531,"INC"
"706","Sm_145","Tidal Marsh",0.783333333333333,0.0172233245149912,"INC"
"707","Sm_146","Tidal Marsh",-0.133333333333333,0.743540564373898,"NT"
"708","Sm_147","Tidal Marsh",-0.83030303030303,0.00555680454585395,"DEC"
"709","Sm_148","Tidal Marsh",-0.05,0.911618165784832,"NT"
"710","Sm_149","Tidal Marsh",0.0892857142857143,0.753207284938775,"NT"
"711","Sm_150","Tidal Marsh",-0.783216783216783,0.00411545002029303,"DEC"
"712","Sm_151","Tidal Marsh",-0.520879120879121,0.0590938883938546,"DEC"
"713","Sm_152","Tidal Marsh",-0.328671328671329,0.297385077720106,"DEC"
"714","Sm_153","Tidal Marsh",-0.937062937062937,0,"DEC"
"715","Sm_154","Tidal Marsh",-0.707142857142857,0.00431595713356175,"DEC"
"716","Sm_155","Tidal Marsh",-0.771428571428571,0.102777777777778,"DEC"
"717","Sm_156","Tidal Marsh",0.684848484848485,0.0350915379341639,"INC"
"718","Sm_157","Tidal Marsh",0.627272727272727,0.0439890872097468,"INC"
"719","Sm_158","Tidal Marsh",-0.6,0.35,"DEC"
"720","Sm_159","Tidal Marsh",-0.587878787878788,0.0802150639781515,"DEC"
"721","Sm_160","Tidal Marsh",-0.642857142857143,0.138888888888889,"DEC"
"722","Sm_161","Tidal Marsh",-0.182142857142857,0.515060927061739,"NT"
"723","Sm_162","Tidal Marsh",0.353571428571428,0.196348882690508,"INC"
"724","Sm_163","Tidal Marsh",-0.657342657342657,0.0239810831714622,"DEC"
"725","Sm_164","Tidal Marsh",0.41958041958042,0.176577010697551,"INC"
"726","Sm_165","Tidal Marsh",0.967032967032967,0,"INC"
"727","Sm_166","Tidal Marsh",0.181318681318681,0.553621558251875,"NT"
"728","Sm_167","Tidal Marsh",-0.803076923076923,3.21039075231982e-06,"DEC"
"729","Sm_168","Tidal Marsh",0.331965811965812,0.0979381988017913,"INC"
"730","Sm_169","Tidal Marsh",-0.195934500282326,0.380464254099237,"DEC"
"731","Sm_170","Tidal Marsh",-0.601953601953602,0.00112092123318591,"DEC"
"732","Sm_171","Tidal Marsh",-0.426153846153846,0.0347356924990643,"DEC"
"733","Sm_172","Tidal Marsh",-0.942612942612943,4.67109250698406e-07,"DEC"
"734","Sm_173","Tidal Marsh",-0.545384615384615,0.0054588094073999,"DEC"
"735","Sm_174","Tidal Marsh",-0.20719857864761,0.290082935126452,"DEC"
"736","Sm_175","Tidal Marsh",-0.465299145299145,0.0175730595488222,"DEC"
"737","Sm_176","Tidal Marsh",0.469230769230769,0.0190045132018265,"INC"
"738","Sm_177","Tidal Marsh",-0.555384615384615,0.00454219462867857,"DEC"
"739","Sm_178","Tidal Marsh",-0.423846153846154,0.0358104511897587,"DEC"
"740","Sm_179","Tidal Marsh",0.443846153846154,0.0273330165013336,"INC"
"741","Sm_180","Tidal Marsh",-0.213846153846154,0.303238832816319,"DEC"
"742","Sm_181","Tidal Marsh",-0.678461538461538,0.000276708140582582,"DEC"
"743","Sm_182","Tidal Marsh",-0.884615384615385,2.21280590461376e-06,"DEC"
"744","Sm_183","Tidal Marsh",0.114615384615385,0.583981067546078,"NT"
"745","Sm_184","Tidal Marsh",0.71,0.000107404558018858,"INC"
"746","Sm_185","Tidal Marsh",-0.610769230769231,0.00148034447368734,"DEC"
"747","Sm_186","Tidal Marsh",0.352307692307692,0.0847245913374615,"INC"
"748","Sm_187","Tidal Marsh",0.208461538461538,0.315808148746753,"INC"
"749","Sm_188","Tidal Marsh",-0.816923076923077,2.34871462851823e-06,"DEC"
"750","Sm_189","Tidal Marsh",-0.427960927960928,0.0269231460178066,"DEC"
"751","Sm_190","Tidal Marsh",-0.0176923076923077,0.934032146296055,"NT"
"752","Sm_191","Tidal Marsh",-0.172173913043478,0.419368317594141,"DEC"
"753","Sm_192","Tidal Marsh",-0.0653846153846154,0.755739176221839,"NT"
"754","Sm_193","Tidal Marsh",-0.34017094017094,0.0895464064505943,"DEC"
"755","Sm_194","Tidal Marsh",-0.708461538461538,0.000112833744400255,"DEC"
"756","Sm_195","Tidal Marsh",-0.28957264957265,0.151076490008928,"DEC"
"757","Sm_196","Tidal Marsh",-0.419487179487179,0.033918171458559,"DEC"
"758","Sm_197","Tidal Marsh",-0.871538461538462,2.24037862737504e-06,"DEC"
"759","Sm_198","Tidal Marsh",-0.857707509881423,2.09428154674934e-06,"DEC"
"760","Sm_199","Tidal Marsh",-0.0969230769230769,0.643757856785036,"NT"
"761","Sm_200","Tidal Marsh",0.786666666666667,4.21821581694119e-06,"INC"
"762","Sm_201","Tidal Marsh",0.653846153846154,0.000534164242636165,"INC"
"763","Sm_202","Tidal Marsh",-0.811965811965812,2.24514730859156e-06,"DEC"
"764","Sm_203","Tidal Marsh",-0.0611965811965812,0.766076464872405,"NT"
"765","Sm_204","Tidal Marsh",-0.891538461538462,2.16589591384022e-06,"DEC"
"766","Sm_205","Tidal Marsh",-0.632820512820513,0.000687091134280568,"DEC"
"767","Sm_206","Tidal Marsh",-0.911794871794872,1.33991005185156e-06,"DEC"
"768","Sm_207","Tidal Marsh",-0.474188034188034,0.0153252470748673,"DEC"
"769","Sm_208","Tidal Marsh",-0.946428571428571,0,"DEC"
"770","Sm_209","Tidal Marsh",-0.914285714285714,0,"DEC"
"771","Sm_210","Tidal Marsh",-0.107142857142857,0.704828419246109,"NT"
"772","Sm_211","Tidal Marsh",-0.253571428571429,0.360721478070494,"DEC"
"773","Sm_212","Tidal Marsh",-0.989285714285714,0,"DEC"
"774","Sm_213","Tidal Marsh",-0.735714285714286,0.00254981843162294,"DEC"
"775","Sm_214","Tidal Marsh",0.881318681318681,0,"INC"
"776","Sm_215","Tidal Marsh",-0.917857142857143,0,"DEC"
"777","Sm_216","Tidal Marsh",0.45,0.0943519578290434,"INC"
"778","Sm_217","Tidal Marsh",0.573626373626374,0.0349734691638317,"INC"
"779","Sm_218","Tidal Marsh",0.0197802197802198,0.951676825142244,"NT"
"780","Sm_219","Tidal Marsh",-0.859696500568486,3.97971612189315e-05,"DEC"
"781","Sm_220","Tidal Marsh",-0.972056758879272,3.65341293359561e-19,"DEC"
"782","Sm_221","Tidal Marsh",-0.676320497195882,4.08435251063793e-05,"DEC"
"783","Sm_222","Tidal Marsh",-0.0269230769230769,0.898997584049502,"NT"
"784","Sm_223","Tidal Marsh",-0.906153846153846,1.99982010540942e-06,"DEC"
"785","Sm_224","Tidal Marsh",-0.0421052631578947,0.861177113171233,"NT"
"786","Sm_225","Tidal Marsh",-0.753076923076923,2.3023813694577e-05,"DEC"
"787","Sm_226","Tidal Marsh",-0.574819401444788,0.0141379383468187,"DEC"
"788","Sm_227","Tidal Marsh",-0.953846153846154,1.10890660519696e-06,"DEC"
"789","Sm_228","Tidal Marsh",-0.931538461538462,1.55834807020374e-06,"DEC"
"790","Sm_229","Tidal Marsh",-0.851539589442815,3.31631269748155e-07,"DEC"
"791","Sm_230","Tidal Marsh",-0.879699248120301,0,"DEC"
"792","Sm_231","Tidal Marsh",-0.882706766917293,0,"DEC"
"793","Sm_232","Tidal Marsh",0.182352941176471,0.293195826634395,"INC"
"794","Sm_233","Tidal Marsh",-0.810526315789474,1.46395542485086e-05,"DEC"
"795","Sm_234","Tidal Marsh",-0.90668016194332,0,"DEC"
"796","Sm_235","Tidal Marsh",-0.716521739130435,0.000124982600374531,"DEC"
"797","Sm_236","Tidal Marsh",0.577692307692308,0.00295633930795927,"INC"
"798","Sm_237","Tidal Marsh",0.127272727272727,0.732886836413125,"NT"
"799","Sm_238","Tidal Marsh",0.00239827583444494,0.985873827157921,"NT"
"800","Sm_239","Tidal Marsh",-0.821127067582389,1.62575395338107e-14,"DEC"
"801","Sm_240","Tidal Marsh",-0.972721046418029,7.10484944882884e-22,"DEC"
